header,header,header,header,header,header,header,header,header
Alpha Blogg,Torvus Bog - Hydrodynamo Shaft,The Alpha Blogg is the largest and strongest of its pack. It can fire potent sonic stun blasts in battle. The blasts will disrupt your Visor and weapon control systems if they hit you. Its three titanic maws are potent weapons. Target the creature's mouth areas to inflict damage upon it.,Yes,Can be scanned while it is in the Hydrodynamo Shaft and while battling it in the Main Hydrochamber,https://www.metroidwiki.org/wiki/File:Alpha_Blogg_mp2_Logbook.png,Aether,Aquatic,Large Aquatic
Blogg,Torvus Bog - Hydrodynamo Station,"The Blogg uses speed and agility to close in on prey. It will batter foes with a ramming attack, then use its three tooth-filled maws to finish the job. Bloggs have a weak spot inside their mouths: the rest of their bodies are covered with a thick, damage-resistant hide.",No,Can also be found in several other locations in Torvus Bog,https://www.metroidwiki.org/wiki/File:Blogg_mp2_Logbook.png,Aether,Aquatic,Large Aquatic
Bloggling,Torvus Bog - Hydrodynamo Station,"Young Blogg are weaker than their parents, but still violent. Their powerful jaws have yet to form, and they lack the defense abilities found in adult Blogg. They must rely on speed and agility for protection if attacked without the protection of their elders.",No,Notes,https://cdn.wikimg.net/en/metroidwiki/images/thumb/c/c2/Bloggling_mp2_Logbook.png/60px-Bloggling_mp2_Logbook.png,Aether,Aquatic,Small Aquatic
Hydlings,Torvus Bog - Torvus Lagoon,"Hydlings are small water dwellers. They travel in packs for safety, roaming the water in search of bits of food. Their only defense is a bite, though their small teeth are sharp enough to pierce metal.",No,Hydlings can also be found in the Path of Roots and in the Hydrodynamo Shaft,https://cdn.wikimg.net/en/metroidwiki/images/thumb/b/ba/Hydling_mp2_Logbook.png/45px-Hydling_mp2_Logbook.png,Aether,Aquatic,Small Aquatic
Alpha Sandigger,Agon Wastes - Agon Temple,"This appears to be a Sandigger pack leader, larger and stronger than the normal members of its kind. Target both of its heads to damage it.",Yes,Must be scanned before it is possessed,https://www.metroidwiki.org/wiki/File:Alpha_Sandigger_mp2_Logbook_01.png,Aether,Ground,Predators
Alpha Splinter,Great Temple - Temple Sanctuary,"Splinter war packs are dominated by the largest male. Alpha Splinters use their tremendous strength, size, and speed to subdue and kill prey, paving the way for their smaller broodlings.",Yes,Must be scanned before it is possessed,https://www.metroidwiki.org/wiki/File:Alpha_Splinter_mp2_Logbook_01.png,Aether,Ground,Predators
Grenchler,Torvus Bog - Forgotten Bridge,"The amphibious Grenchler lurks in marsh areas in search of prey. Fearless, it will spring from hiding and attack anything that moves. If it is unable to fell its prey with its powerful jaws, it will fire a potent burst of energy at them. Grenchlers have one weak spot - a genetic defect makes the shell on their back susceptible to explosive blasts. Remove the shell to expose a vulnerable nerve center, then target it to eliminate the creature.",No,Located throughout Torvus Bog,https://www.metroidwiki.org/wiki/File:Grenchler_mp2_Logbook.png,Aether,Ground,Predators
Sandigger,Agon Wastes - Mining Plaza,"Scans indicate that the Sandigger has a dual-brain nervous system. Both of its heads are capable of attacking, disabling, and digesting prey. It fires globs of acidic digestive fluid at prey to cripple them and begin the digestion process. Its hide is very durable and resistant to weapons fire: only its exposed eyes can be damaged.",No,Also located in Mining Station B,https://www.metroidwiki.org/wiki/File:Sandigger_mp2_Logbook.png,Aether,Ground,Predators
Splinter,Temple Grounds - Industrial Site,"When it isn't hunting, a Splinter will secret a protective cocoon around itself and enter a state of hibernation. Localized seismic disturbances will awaken the Splinter, triggering a state of blood frenzy in the process. While in this state, a Splinter emits pheromones that trigger frenzy in all nearby Splinters. Disturbing a pack of Splinters is not advisable.",No,Located in multiple areas of the Temple Grounds,https://www.metroidwiki.org/wiki/File:Splinter_mp2_Logbook_01.png,Aether,Ground,Predators
Sporb,Torvus Bog - Abandoned Worksite,"The hanging Sporb sits patiently until a potential meal is detected. A burst of poisoned needles is the Sporb's primary means of attack. It can also extend its body over short distances, gripping small targets within its powerful jaws. Sporbs wither when exposed to dark energy, making them vulnerable to other weapon systems.",No,Also located in Underground Tunnel,https://www.metroidwiki.org/wiki/File:Sporb_mp2_Logbook.png,Aether,Ground,Predators
Brizgee,Agon Wastes - Mining Station A,"The Brizgee's tail ends in a venomous barb, which it conceals underneath a hard-packed layer of fused sand. A series of sharpened ridges along its body discourages most predators: those foolish enough to harass the Brizgee are quickly introduced to its deadly sting.",No,Brizgees can also be found in the Catacombs Access,https://cdn.wikimg.net/en/metroidwiki/images/thumb/c/cf/Brizgee_mp2_Logbook.png/60px-Brizgee_mp2_Logbook.png,Aether,Ground,Surface Prowlers
Green Kralee,Temple Grounds - Industrial Site,"The cousin to the dimensional-shifting Kralee, the Green Kralee spends its days roaming in search of food. A genetic defect prevents its back crystal from harnessing energy and opening warp portals. It is doubtful the Green Kralee misses this ability.",No,Also located in the Collapsed Tunnel and in Agon Transport Access,https://cdn.wikimg.net/en/metroidwiki/images/thumb/b/b4/Green_Kralee_mp2_Logbook.png/60px-Green_Kralee_mp2_Logbook.png,Aether,Ground,Surface Prowlers
Kralee,Agon Wastes - Mining Station B,"The Kralee phases between dimensions as a defense mechanism. A crystal in its carapace gathers energy to fuel the creation of a warp portal. The process is uncontrollable, keeping the Kralee in constant dimensional flux.",No,None,https://cdn.wikimg.net/en/metroidwiki/images/thumb/f/f2/Kralee_mp2_Logbook.png/60px-Kralee_mp2_Logbook.png,Aether,Ground,Surface Prowlers
Krocuss,Torvus Bog - Grove Access,The Krocuss thrives on toxins it extracts from its surroundings. It secretes an acidic trail in its wake as it roams in search of nourishment. The durable mollusk can be damaged when it exposes its toxin-absorbing gills: few weapons can penetrate the creature's shell.,No,None,https://cdn.wikimg.net/en/metroidwiki/images/thumb/9/9d/Krocuss_mp2_Logbook.png/60px-Krocuss_mp2_Logbook.png,Aether,Ground,Surface Prowlers
Lightbringer,Dark Agon Wastes - Duelling Range,"Lightbringers were created by the Luminoth for use in their war with the Ing. The crystalline creatures generate a field of life-giving energy at all times, and they can be energized like a Safe Zone Crystal. They are immune to most weapon fire: only a burst of matter-antimatter can destroy them.",Yes,Disappears after the Light of Aether is drained from the Dark Agon Temple,https://cdn.wikimg.net/en/metroidwiki/images/thumb/0/09/Lightbringer_mp2_Logbook.png/60px-Lightbringer_mp2_Logbook.png,Aether,Ground,Surface Prowlers
Seedburster,Torvus Bog - Underground Tunnel,"Seedbursters are moving plants, capable of traveling great distances in search of fertile soil to deposit their seeds in. When provoked by predators, the Seedburster will explode, turning the precious seed inside into a deadly projectile. These seed often do not live to fruition, but help protect the rest of the Seedburster pack from attacks.",No,Also located in the Training Access,https://cdn.wikimg.net/en/metroidwiki/images/thumb/7/75/Seedburster_mp2_Logbook.png/60px-Seedburster_mp2_Logbook.png,Aether,Ground,Surface Prowlers
Pillbug,Agon Wastes - Portal Terminal,"Pillbugs prefer to dwell in dark caverns, though they can exist in lit areas. Navigating with a series of sensitive antennae, they roam through caves in search of moss and fungus. Pillbugs can move rapidly, and will ram unwary targets to clear their path as they search for food. A Pillbug can be jarred loose from a surface with a concussive blast: doing so reveals its vulnerable belly.",No,Can later be found in the Dynamo Works after the defeat of the Spider Guardian,https://cdn.wikimg.net/en/metroidwiki/images/thumb/d/d4/Pillbug_mp2_Logbook_01.png/60px-Pillbug_mp2_Logbook_01.png,Aether,Ground,Tunnel Prowlers
Worker Splinter,Temple Grounds - Hive Tunnel,"The Worker Splinter is bred for service, not combat. It spends its time collecting foodstuffs and raw material for the Hive. A layer of mucus helps to protect the creature from the toxins and chemicals it often works with. They can generate a sturdy, pliable webbing, useful in travel throughout the Hive.",No,None,https://cdn.wikimg.net/en/metroidwiki/images/thumb/3/3e/Worker_Splinter_mp2_Logbook_01.png/60px-Worker_Splinter_mp2_Logbook_01.png,Aether,Ground,Tunnel Prowlers
Shredder,Torvus Bog - Torvus Lagoon,"The Shredder spends most of its life in the earth. When agitated, it will spring from the ground, then begin to fly toward its foe. Should it reach its target, the Shredder will explode with considerable force, releasing a cloud of thorns as it does. Shredders are resilient, but can be eliminated with concentrated weapons fire.",Yes,Shredders can also be found in the Ruined Alcove,https://cdn.wikimg.net/en/metroidwiki/images/thumb/c/c2/Shredder_mp2_Logbook.png/60px-Shredder_mp2_Logbook.png,Aether,Flying,Large Flyers
Shriekbat,Agon Wastes - Temple Access,"Shriekbats have high internal temperatures, leading them to seek cool climates to dwell in. They prefer caverns, roosting on ceilings while hunting for small prey. Fiercely territorial, they dive-bomb anything that wanders near. This attack is fatal for the Shriekbat, as the impact sets off a discharge of thermal energy.",No,Shriekbats can also be found in multiple areas in Torvus Bog,https://cdn.wikimg.net/en/metroidwiki/images/thumb/e/e4/Shriekbat_mp2_Logbook_01.png/60px-Shriekbat_mp2_Logbook_01.png,Aether,Flying,Large Flyers
Shrieker,Torvus Bog - Great Bridge,"A cousin to the Shredder, the Shrieker waits for prey half-buried in the earth. When it detects a target, it erupts from the ground and takes flight. It releases a sonic blast to stun its target, then sweeps in to feast. Shriekers can generate a stealth field that disrupts most Visors, making them difficult to attack.",No,Can also be found in Torvus Temple after talking to A-Voq for the first time,https://cdn.wikimg.net/en/metroidwiki/images/thumb/e/e3/Shrieker_mp2_Logbook.png/60px-Shrieker_mp2_Logbook.png,Aether,Flying,Large Flyers
Lightflyer,Great Temple - Transport B Access,"The Lightflyer is an aggressive flying drone. Once loyal to the Luminoth, it will now fire a burst of energy at any living thing within range. It generates light at all times, making it somewhat easy to target.",No,Found in multiple locations,https://cdn.wikimg.net/en/metroidwiki/images/thumb/3/37/Lightflyer_mp2_Logbook.png/60px-Lightflyer_mp2_Logbook.png,Aether,Flying,Small Flyers
Lumite,Agon Wastes - Plaza Access,"The Lumite thrives on light, and can render itself invisible to most predators while within it. When out of the light, the creature is relatively harmless, relying on a crudely spat chunk of biomatter to defend itself. Once in the light, it can channel large amounts of solar energy into a deadly blast.",No,Found in multiple locations,https://cdn.wikimg.net/en/metroidwiki/images/thumb/7/75/Lumite_mp2_Logbook_01.png/60px-Lumite_mp2_Logbook_01.png,Aether,Flying,Small Flyers
Sandbats,Great Temple - Transport C Access,"Sandbats are small flyers. They travel in packs for safety, though they are predatory in nature. Failing to find prey as a group, Sandbats will often enter a feeding frenzy and attack one another in search of sustenance.",No,Also found in Meeting Grounds and Sand Station A,https://cdn.wikimg.net/en/metroidwiki/images/thumb/2/20/Sandbat_mp2_Logbook.png/60px-Sandbat_mp2_Logbook.png,Aether,Flying,Small Flyers
War Wasp,Temple Grounds - Sacred Bridge,"The War Wasp rarely strays far from its hive unless it is pursuing an immediate threat. It attacks with no regard for its own survival, dive-bombing its enemy with stinger extended. Fast-working toxins from the stinger can incapacitate most small organisms. If it battles foes at range, it will fire bursts of potent energy.",Yes,Found in multiple areas throughout the Temple Grounds and in Agon Wastes,https://cdn.wikimg.net/en/metroidwiki/images/thumb/e/e3/War_Wasp_mp2_Logbook_01.png/60px-War_Wasp_mp2_Logbook_01.png,Aether,Flying,Small Flyers
Ingsmasher,Sanctuary Fortress - Hall of Combat Mastery,"Designed to fight alongside the Luminoth, the Ingsmasher now seeks to destroy them. In close combat, it smashes its energized fists into the earth to send out powerful shock waves, then pulverizes any immobile prey. It will fire salvos of missiles at long-distance quarry. It uses an energy shield in battle that can be adjusted to protect against a variety of beam weapons. The shield can be overloaded by opposite-polarity beams, however, damaging the Ingsmasher in the process.",Yes,"Only five Ingsmashers can be scanned for a Logbook entry, three in the Hall of Combat Mastery and two in the Reactor Access",Ingsmasher mp2 Logbook.png,Aether,Mechanoids,Large
Mekenobite,Sanctuary Fortress - Sanctuary Temple,"The Luminoth created the Mekenobite to help patrol the corridors and shafts of Sanctuary Fortress. It uses magnetism to keep itself attached to the walls and ceilings. In combat, it will fire projectiles toward its target with a magnetic accelerator. It can only be dislodged by simultaneous explosive blasts. Mekenobites self-destruct once they are heavily damaged.",No,Can also be found in the Sentinel's Path,Mekenobite mp2 Logbook.png,Aether,Mechanoids,Large
Quad CM,Sanctuary Fortress - Reactor Core,"A Quad is formed of two components: the quadruped Main Body and the flying Command Module. These units can function independently, or linked together, as the need arises. The Command Module relies on ranged beam weapon attacks. It can generate a powerful beam shield to protect itself. Opposite-polarity beams can penetrate this shield, however.",No,Found in multiple areas throughout Sanctuary Fortress,Quad CM mp2 Logbook.png,Aether,Mechanoids,Large
Quad MB,Sanctuary Fortress - Reactor Core,"A Quad is formed of two components: the quadruped Main Body and the flying Command Module. These units can function independently, or linked together, as the need arises. The Main Body uses melee attacks in battle. Though durable, it needs to vent excess heat from its body. When this happens, it exposes a venting system vulnerable to concussive attacks.",No,Found in multiple areas throughout Sanctuary Fortress,Quad MB mp2 Logbook.png,Aether,Mechanoids,Large
Watchdrone,Dark Torvus Bog - Dungeon,"Watchdrones were built by the Luminoth to guard key areas and hinder Ing armies. Most of these units have betrayed their masters, and now serve the Ing. Watchdrones are indestructible and reluctant to move, but can be forced into quitting their posts by exposing them to bright, pure light. Once the light fades, the mechanoid will return to its original resting site.",No,None,Watchdrone mp2 Logbook.png,Aether,Mechanoids,Large
Diligence Class Drone,Sanctuary Fortress - Dynamo Access,"The Diligence drones were the first cleaning units designed by the Luminoth. They were modified for combat duty once the war began, but were outshined by the newer Harmony-class units. A Diligence uses focused energy beams to perform its duty. Their energy construct nature makes them invulnerable to most attacks, though dark energy can disrupt them.",No,None,Diligence Class Drone mp2 Logbook.png,Aether,Mechanoids,Small
Harmony Class Drone,Great Temple - Transport C Access,"The Luminoth designed the Harmony units to be free-roaming, independent cleaning units. They use focused energy beams and kinetic pulses to perform their duties. Unfortunately, they now consider all living things as filth that must be cleansed from the world.",No,None,Harmony Class Drone mp2 Logbook.png,Aether,Mechanoids,Small
Mechlops,Sanctuary Fortress - Dynamo Access,"The Luminoth tried to domesticate and train a number of Triclops for use in war, but failed. Undaunted, they created mechanical versions of the hardy creatures to use in battle. The few Mechlops that remain now serve other mechanoids, turning their potent jaws and earthmoving power against their former masters.",No,None,Mechlops mp2 Logbook.png,Aether,Mechanoids,Small
Octopede,Sanctuary Fortress - Power Junction,"The Octopedes were created to deliver data to Luminoth citizens. They now follow their routes in the service of other rogue mechanoids. The units were designed to self-destruct if attacked, and will explode with enough force to cause damage.",No,Can also be found in Torvus Transport Access,Octopede mp2 Logbook.png,Aether,Mechanoids,Small
Rezbit,Sanctuary Fortress - Reactor Access,"The Rezbit, though small, is a tough opponent. Its weapon system is potent, capable of firing bursts or beams at targets. A barrier shield blocks incoming attacks. It can also shift into an energy state to evade enemies: while in this state it can transmit a powerful virus into mechanoids and armor systems. The virus can cripple your systems for a time, leaving you vulnerable.",No,Found throughout Sanctuary Fortress,Rezbit mp2 Logbook.png,Aether,Mechanoids,Small
Serenity Class Drone,Sanctuary Fortress - Temple Transport Access,"The Serenity drones have not gone rogue. The units are defenseless, have no weapons, and cannot be eaten. These qualities make them useless to the Ing. The small drones are assigned simple maintenance tasks upon creation and perform them without hesitation until reassigned or destroyed.",No,None,Serenity Class Drone mp2 Logbook.png,Aether,Mechanoids,Small
Caretaker Class Drone,Sanctuary Fortress - Main Research,The Caretaker drone was designed to protect and maintain an experimental energy chamber. It uses electrically charged limbs to perform its duties. The drone requires sensor updates to fight: a vulnerable detection unit will extend periodically to search for targets. Destroying this unit would weaken its combat ability.,Yes,Can only be scanned from outside its chamber,Caretaker Class Drone mp2 Logbook.png,Aether,Mechanoids,Stationary
Growler Class Turret,Temple Grounds - Trooper Security Station,"The GM-42 ""Growler"" Class Turret is a dated design, though still quite effective as a point-defense system. It is lightly armored, and fast-moving targets can evade its tracking system. Several copies of the system exist, including the Space Pirate ""Humility"" Class automated turret.",Yes,The turret cannot be scanned again once it is destroyed,https://cdn.wikimg.net/en/metroidwiki/images/thumb/c/cd/Growler_Class_Turret_mp2_Logbook_01.png/60px-Growler_Class_Turret_mp2_Logbook_01.png,Aether,Mechanoids,Stationary
Humility Class Turret,Agon Wastes - Biostorage Access,"The Space Pirates copied captured Federation ""Growler"" turrets, but found the cannon unit inadequate. The replaced the Growler's weapon with a powerful galvanic accelerator cannon. The ""Humility"" turret packs a strong punch, but retains the Growler system's weaknesses. Fast targets can evade the crude targeting system, and the armor can't take much punishment.",No,None,https://cdn.wikimg.net/en/metroidwiki/images/thumb/3/3a/Humility_Class_Turret_mp2_Logbook.png/60px-Humility_Class_Turret_mp2_Logbook.png,Aether,Mechanoids,Stationary
Luminoth Turret,Temple Grounds - Fortress Transport Access,"As the number of Luminoth warriors dwindled, they turned to machines to protect key areas. Automated gun turrets were often the first line of defense against Ing attacks. Though powerful, they weren't nimble enough to deal with agile enemy targets.",No,Can also be scanned in Temple Transport Access and in the Transit Station,Luminoth Turret mp2 Logbook.png,Aether,Mechanoids,Stationary
"""Vigilance"" Class Turret",Agon Wastes - Central Mining Station,"The ""Vigilance"" Class Turret is found in many Space Pirate bases. Built to support the ""Humility"" Class Turret, it is as accurate as the gunner operating it. Many young Space Pirates begin their careers as sentries: a tour as a Vigilance gunner is considered a mark of distinction.",Yes,Only two turrets can be scanned for a logbook entry,https://cdn.wikimg.net/en/metroidwiki/images/thumb/0/0e/Vigilance_Class_Turret_mp2_Logbook.png/60px-Vigilance_Class_Turret_mp2_Logbook.png,Aether,Mechanoids,Stationary
Dark Blogg,Torvus Bog - Training Chamber,Dark Blogg somehow lose their sonic blast ability: something about their minds makes them difficult for darklings to fully control. They rely solely on their deadly maws for attack: in most cases they are more than adequate. Target the weak spot inside its mouth to defeat the Dark Blogg with ease.,No,Only found in the Training Chamber after the Grapple Guardian is defeated,Dark Blogg.png,Dark Aether,Darklings,Darkling Aquatic
Dark Phlogus,Dark Torvus Bog - Dark Forgotten Bridge,"The Phlogus waits patiently as it floats in murky waters, searching for a meal. When the seismic sensors in its epidermis are triggered, it springs open rapidly to attack. Phlogi can fire a spray of venom to immobilize their prey. A central nervous system is exposed when it opens its mouth to attack: damage this to stun the Phlogus for a time.",No,Also located in the Putrid Alcove,Dark Phlogus.png,Dark Aether,Darklings,Darkling Aquatic
Dark Shredder,Dark Torvus Bog - Dark Torvus Temple,"The hardy Shredder is a favorite possession target for Ing that dwell near dark water. Dark Shredders can lurk in the venomous liquid indefinitely, patiently waiting for prey. When agitated, it will emerge and begin to fly toward its foe. They are very resilient, but can be eliminated with concentrated weapons fire.",Yes,Dark Shredders only appear during the battle with Chykka's larval form.,Dark Shredder mp2 Logbook.png,Dark Aether,Darklings,Darkling Flyers
Dark War Wasp,Temple Grounds - Service Access,"Vicious and swift, the War Wasp is a prime target for young Ing eager to join the war effort. They appreciate the flying speed and numerous attacks the insect possesses. If they prove their mettle in the War Wasp, these Ing often graduate to the control of larger, deadlier creatures.",No,"Dark War Wasps first appear after the defeat of Chykka, they are also found in the Vault Attack Portal",Dark War Wasp.png,Dark Aether,Darklings,Darkling Flyers
Nightbarb,Dark Agon Wastes - Save Station 2,"Nightbarbs are small airborne darklings. Smaller and weaker than a Hunter Ing, a Nightbarb will travel with a large pack to increase its odds of survival. This is wise, since their primary predators are Hunter Ing.",No,Nightbarbs are very common in many areas of Dark Aether,Nightbarb mp2 Logbook 01.png,Dark Aether,Darklings,Darkling Flyers
Dark Alpha Splinter,Great Temple - Temple Sanctuary,"Splinter alpha males are the first to be targeted for darkling possession. Dark Alpha Splinters grow in strength and durability, making them an even greater threat than normal.",Yes,Can only be found once in the Temple Sanctuary,Dark Alpha Splinter.png,Dark Aether,Darklings,Darkling Ground
Dark Grenchler,Dark Torvus Bog - Dungeon,"Darklings are drawn to possess vicious predators, making the Grenchler a prime candidate. Despite the added toughness gained from possession, the Dark Grenchler retains its one weakness. Remove the back shell with explosive blasts to expose its pain center, then attack the pain center to quickly dispatch the creature.",No,Only appears in the Dungeon,Dark Grenchler.png,Dark Aether,Darklings,Darkling Ground
Dark Splinter,Temple Grounds - GFMC Compound,Target is host to a parasitic bioform. The presence of the parasite increases the target's overall combat threat level. Concentrated weapons fire will damage the target.,No,Found in multiple areas of the Temple Grounds and Dark Agon Wastes,Dark Splinter.png,Dark Aether,Darklings,Darkling Ground
Corrupted Sentreye,Sky Temple Grounds - Abandoned Base,"The Sentreyes were designed by the Luminoth to protect their camps on Dark Aether. The Ing learned how to possess them and turn them on their former masters. Many still remain throughout Dark Aether, now serving the Ing as they served the Luminoth before them. Most weapon types will stun the Sentreyes. Only charged light energy will destroy them.",No,Also found in the Shrine Access,Corrupted Sentreye.png,Dark Aether,Darklings,Darkling Mechanoids
Dark Diligence Drone,Ing Hive - Hazing Cliff,"Some Diligence drones have been taken by the Ing for possession duties. Their small size and durability makes them excellent scouts, able to go where most others cannot. A Dark Diligence still relies on focused energy beams for defense. Their energy construct nature makes them invulnerable to most attacks. A high-powered burst of light energy can disrupt a Dark Diligence unit.",No,Only found in the Hazing Cliff,Dark Diligence Drone mp2 Logbook.png,Dark Aether,Darklings,Darkling Mechanoids
Dark Ingsmasher,Varies,"Once the Ing discovered they could possess intelligent machines, the mighty Ingsmashers were top-priority targets for the Horde. The drones retain all of their attacks - shock-wave fists and missile launchers. It uses an energy shield in battle that can be adjusted to protect against a variety of beam weapons. The shield can be overloaded by opposite-polarity beams.",No,Found in the Hive Portal Chamber and in the Hive Reactor,Dark Ingsmasher.png,Dark Aether,Darklings,Darkling Mechanoids
Dark Quad CM,Sanctuary Fortress - Sanctuary Temple,"The Ing discovered they could possess and control artificially intelligent machines as well as living beings. They soon turned the loyal Quad drones against the Luminoth, finding the tenacious machines to be quite useful additions to the Horde. A dominant darkling assumes control of the Command Module, forcing the lesser Ing in the Main Body to do its bidding.",Yes,Also found in the Hive Temple during the battle against Quadraxis,Dark Quad CM.png,Dark Aether,Darklings,Darkling Mechanoids
Dark Quad MB,Sanctuary Fortress,"The Ing discovered they could possess and control artificially intelligent machines as well as living beings. They soon turned the loyal Quad drones against the Luminoth, finding the tenacious machines to be quite useful additions to the Horde.",Yes,Also found in the Hive Temple during the battle against Quadraxis,Dark Quad MB.png,Dark Aether,Darklings,Darkling Mechanoids
Dark Missile Trooper,Temple Grounds - Hive Chamber A,"Bioscans indicate terminated lifesigns in this missile trooper, and the presence of an unknown biomass with parasitic tendencies. Though the missile trooper's armor has been compromised, the bulk of it remains intact. Missile weapon system remains online as well. Full parasitic fusion has yet to be obtained, resulting in low agility and response time.",Yes,Only appears after the defeat of the Dark Alpha Splinter,Dark Missile Trooper.png,Dark Aether,Darklings,Darkling Offworld
Dark Pirate Commando,Torvus Bog - Great Bridge,"The Ing prize the few Pirate Commandos they manage to take alive. Only Hunter Ing are allowed to possess the Commandos, and the competition for that right is fierce among them. The Hunter Ing ability to phase out of local timespace carries over to the Dark Pirate Commando. They will fire bursts of dark matter at enemies, along with experimental EMP grenades stolen from the Space Pirates.",No,Found throughout Aether and Dark Aether,Dark Pirate Commando (Echoes).png,Dark Aether,Darklings,Darkling Offworld
Dark Pirate Trooper,Agon Wastes - Portal Terminal,"Pirate troopers, already trained to follow orders without question, were perfect candidates for Ing possession. Darklings moves to take every trooper they could, expanding the army of the Horde considerably. Space Pirate technology struck a chord with the Ing, who now hunt actively for gadgetry of any kind - especially weapon systems.",No,Can be found in multiple areas,Dark Pirate Trooper.png,Dark Aether,Darklings,Darkling Offworld
Dark Preed,Dark Torvus Bog - Dark Torvus Arena,"The aggressive Preeds are often possessed by darklings for aerial hunting missions. The presence of the dark creature makes the small cyborg more durable. The toxic gas carried by a Preed is enhanced by exposure to dark energy, making it considerably more dangerous.",No,Can be found in multiple areas,Dark Preed mp2 Logbook.png,Dark Aether,Darklings,Darkling Offworld
Dark Tallon Metroid,Dark Agon Wastes - Phazon Site,"The Ing are fascinated by Metroids and their connection to Phazon. It is not a shared fascination, as Metroids will attack Ing on sight. Recognizing their strength, Ing darklings have possessed a number of Metroids, turning them into powerful soldiers of the Horde.",No,Also found in the Hazing Cliff and Phazon Grounds,Dark Tallon Metroid mp2 Logbook.png,Dark Aether,Darklings,Darkling Offworld
Dark Trooper,Temple Grounds - Command Chamber,"Bioscans indicate terminated lifesigns in this trooper, and the presence of an unknown biomass with parasitic tendencies. Though the trooper's armor has been compromised, the bulk of it remains intact. Weapon systems remain online as well. Full parasitic fusion has yet to be obtained, resulting in low agility and response time.",No,Found in multiple areas of the Temple Grounds,Dark Trooper.png,Dark Aether,Darklings,Darkling Offworld
Emperor Ing Body,Sky Temple - Sanctum,"Bioscans indicate that this is the eldest, strongest Ing in the Horde, the alpha and the omega. It has absorbed enormous amounts of Phazon energy into its body, mutating itself in the process. Apparently this power is not enough for the creature, as it is now siphoning energy from the final Energy Controller.",Yes,Must scan before transformation.*,Emperor Ing Body mp2 Logbook.png,Dark Aether,Darklings,Emperor Ing
Emperor Ing Head,Sky Temple - Sanctum,"Like its brethren, the Emperor Ing is a metamorph. It has molded itself around the precious Energy Controller, and will defend it to the death, using its own body as a shield and weapon. Destroy the tentacles it generates to weaken the creature and its defenses.",Yes,Must scan before transformation.*,Emperor Ing Head mp2 Logbook.png,Dark Aether,Darklings,Emperor Ing
Emperor Ing Eye,Sky Temple - Sanctum,"The Emperor Ing has exposed its main eye, from which it can fire powerful energy beams. It is protected by an energy shield, although not completely. The eye can be locked onto, but only direct shots will get past the shield.",Yes,Must scan before transformation.*,Emperor Ing Eye mp2 Logbook.png,Dark Aether,Darklings,Emperor Ing
Emperor Ing Chrysalis,Sky Temple - Sanctum,The heavily damaged Emperor Ing has entered a regenerative state inside a durable healing shell. Tactical scans have detected eleven weak points on the magnetically charged shell: Spider Ball travel is possible on the shell surface. Damage the weak spots with explosives to crack the shell and expose the enemy within.,Yes,Must scan before transformation.*,Emperor Ing Chrysalis mp2 Logbook.png,Dark Aether,Darklings,Emperor Ing
Mutated Emperor Ing,Sky Temple - Sanctum,"Further exposure to Phazon has mutated the Emperor Ing. It is now capable of shielding its vulnerable areas with energy barriers. Beams of opposite polarity can damage these barriers, however. Heavy damage to these barriers will cause them to drop, exposing the creatures weak spots. Target the weak spots to immobilize and damage the enemy.",Yes,Must scan before defeat.*,Mutated Emperor Ing mp2 Logbook.png,Dark Aether,Darklings,Emperor Ing
Darkling Tentacle,Dark Agon Wastes - Double Path,"Some darklings can open dimensional portals at will. They use this ability to hunt for unwary prey, reaching out to snatch them with their tentacles. Once ensnared, the prey is dragged to its doom. The tentacles are resilient; pure light energy can disrupt them. Nothing can destroy them.",No,Found in all areas of Dark Aether except for the Sky Temple,Darkling Tentacle.png,Dark Aether,Darklings,Ing
Hunter Ing,Dark Torvus Bog - Polluted Mire,"The Hunter Ing patrol the lands of Dark Aether in search of the Horde's enemies. They can render their bodies intangible, allowing them to ambush their targets with ease. Hunter Ing can generate long, deadly tentacles, which they use with great effect in battle. Cunning and relentless, the Hunter Ing will seize their prey or die.",No,Also found in several other locations in Dark Aether,Hunter Ing mp2 Logbook.png,Dark Aether,Darklings,Ing
Ing Larva Swarm,Ing Hive - Entrance Defense Hall,Ing larvae travel in swarms for protection. They are weak with no real defenses or attacks. The few that make it to adulthood are quite cunning and vicious.,No,Only found in the Ing Hive,Ing Larva Swarm mp2 Logbook.png,Dark Aether,Darklings,Ing
Inglet,Dark Agon Wastes - Crossroads,"Inglets preform the menial labor of the Horde, but can but pressed into a combat role if there is a need. They are amorphous blobs, capable of clinging to nearly any surface. Inglets can fire bursts of dark matter in self-defense, though they prefer to avoid battle. They seldom travel alone, and can be dangerous in large numbers. As with are Ings, they dislike bright light, and will avoid it if possible.",No,Also found in several other locations in Dark Aether,Inglet mp2 Logbook.png,Dark Aether,Darklings,Ing
Ingstorm,Sky Temple Grounds - Reliquary Access,"The Ingstorm is a collective swarm of tiny Ing. When banded together, they can emit destructive energy that, over time, can break down the most durable of alloys.",No,Also found in other locations in Dark Aether,Ingstorm mp2 Logbook.png,Dark Aether,Darklings,Ing
Warrior Ing,Dark Agon Wastes - Duelling Range,"Warrior Ing are challenging foes. They can render themselves into amorphous puddles and move over most terrain, including walls. Warrior Ing can turn their bodies into deadly projectiles sheathed by dark energy. The tips of their legs are razor sharp, making them formidable in melee. Finally, Warrior Ing are capable of channeling transdimensional energy and firing it at their enemies. Their only real weakness is bright, pure light, which they hate and fear.",No,Also found in the Sky Temple Grounds and Ing Hive,Warrior Ing.png,Dark Aether,Darklings,Ing
Bomb Guardian,Agon Wastes - Agon Temple,"This darkling Sandigger has absorbed the ability to generate Morph Ball Bombs. It can throw Bombs with considerable accuracy, and frequently lays a spread of Bombs in its wake. Its head and tail are the only vulnerable spots on its body. Target them when they are vulnerable to neutralize and terminate this enemy.",Yes,Can only be scanned before its defeat,Bomb Guardian.png,Dark Aether,Guardians,Sub Guardians
Boost Guardian,Dark Torvus Bog - Dark Torvus Arena,"This Warrior Ing has absorbed the power of the Boost Ball. It can boost-blast toward its enemies, using its body as a potent weapon. When it is not in solid form, engaging it in Morph Ball mode may provide better attack opportunities.",Yes,Can only be scanned before its defeat,Boost Guardian mp2 Logbook.png,Dark Aether,Guardians,Sub Guardians
Grapple Guardian,Dark Torvus Bog - Sacrificial Chamber,"Grapple Beam powered darkling. Well-armored target utilizes Grapple Beam to ensnare enemies. Weak spots detected: back shell and eye. Uses special attack when angered.This darkling Grenchler has absorbed the power of the Grapple Beam. It will fire the beam to snare potential meals and pull them into its waiting jaws. The beam is powerful, and can attach to most surfaces, including your armor. Its eye region is sensitive; damage in the area can induce a state of anger in the target. A weak spot under the back shell is a prime target as well. When angered, it will use a special attack. ",Yes,"Once the Grapple Guardian's shell has been destroyed, scans will no longer add the entry to the logbook",https://cdn.wikimg.net/en/metroidwiki/images/thumb/2/28/Grapple_Guardian.png/60px-Grapple_Guardian.png,Dark Aether,Guardians,Sub Guardians
Jump Guardian,Dark Agon Wastes - Judgment Pit,"Space Jump powered Warrior Ing. Powerful metamorph with enhanced jump abilities. Able to generate energy shock waves and force fields. This Warrior Ing has absorbed the power of the Space Jump Boots. It can leap incredible distances and heights, and uses this ability to great effect in battle. Target can generate powerful shock waves of dark energy, and will sheath itself in a potent force field to protect itself. It cannot maintain the shield indefinitely: concentrate weapon fire on it when the shield is down.",Yes,Can only be scanned before it is defeated,https://cdn.wikimg.net/en/metroidwiki/images/thumb/1/15/Jump_Guardian_mp2_Logbook_01.png/60px-Jump_Guardian_mp2_Logbook_01.png,Dark Aether,Guardians,Sub Guardians
Power Bomb Guardian,Dark Torvus Bog - Undertemple,"This darkling Sporb has absorbed the ability to generate Power Bombs. It can fire these dangerous weapons instead of the venomous needles it normally shoots. The energies of the Power Bomb weapon have made it all but invulnerable. Tremendous kinetic damage will override the protective field, however.",Yes,Can only be scanned before its defeat,Power Bomb Guardian.png,Dark Aether,Guardians,Sub Guardians
Spider Guardian,Sanctuary Fortress - Dynamo Works,This darkling Pillbug has absorbed the power of the Spider Ball. It can travel over magnetically charged surfaces at will. The creature seems to have a connection to the local energy system. Aggravating it may cause disruption to the system.,Yes,Can only be scanned from outside the Morph Ball tunnel in the Dynamo Works,Spider Guardian mp2 Logbook.png,Dark Aether,Guardians,Sub Guardians
Amorbis,Dark Agon Wastes - Dark Agon Temple,"The enormous Amorbis can move through solid rock and earth with ease, and can sense the location of surface-level prey deep within the ground. They will attempt to ram any target they can find in their domain. They are vulnerable to all forms of weapons fire, but are incredibly strong and resistant to pain.",Yes,Entry is only added to the Logbook while the Amorbis are not attached to the Dark Sphere,Amorbis 1.png,Dark Aether,Guardians,Amorbis
Dark Amorbis,Dark Agon Wastes - Dark Agon Temple,"The Amorbis can attach themselves to the Dark Sphere, drawing potent energy from within. They can fire dark energy at Light Crystals, nullifying Safe Zones for a short time. They can also channel this energy into powerful beam attacks. Bioscans indicate a weak spot inside the creature's mouth. Concentrate your fire at this area to damage an Amorbis.",Yes,Entry is only added to the Logbook while the Amorbis are attached to the Dark Sphere,Amorbis 2.png,Dark Aether,Guardians,Amorbis
Chykka Larva,Dark Torvus Bog - Dark Torvus Temple,"Scans indicate that this bioform is an infant, but aging rapidly. The creature can ensnare targets with its tongue, drawing them into its mouth. It then covers its prey with acidic globs of biomatter to break it down for digestion. This is an exceptional bioform with both a dark and light nature.",Yes,Can only be scanned before it transforms into the adult Chykka,Chykka Larva.png,Dark Aether,Guardians,Chykka
Chykka,Dark Torvus Bog - Dark Torvus Temple,"The Chykka has rapidly aged to its adult form. It will attack by firing high-powered bursts of dark water at rapid speed. If frustrated, it will attempt to dive and ram you. Most of the Chykka's body is vulnerable to weapons fire, but scans indicate that such fire will only stun it. When stunned, however, four weak spots will appear. These spots are vulnerable to attack: target them to damage the enemy.",Yes,Can only be entered into the Logbook before Chykka enters its dark form a second time,Chykka.png,Dark Aether,Guardians,Chykka
Dark Chykka,Dark Torvus Bog - Dark Torvus Temple,"The Chykka has recovered, and energized its body with dark energy. This energy has rendered most of the creature immune to attack, including its wings. Tactical scans indicate that its eggsac is vulnerable, however. Target it to damage the creature.",Yes,Entry can no longer be added to the Logbook once Chykka is defeated,Dark Chykka.png,Dark Aether,Guardians,Chykka
Chyklings,Dark Torvus Bog - Dark Torvus Temple,"Interaction with dark energy has mutated the Chykka. Its offspring are now born as flyers, skipping the larval stage completely. These infants are highly protective of their parent, and will streak to attack on sight. They lack their parent's durability, however, making them easy targets.",Yes,Entry can no longer be added to the Logbook once Chykka is defeated,Chyklings.png,Dark Aether,Guardians,Chykka
Quadraxis,Ing Hive - Hive Temple,"The Quadraxis unit went rogue and entered the service of the Ing. Its primary weapon system fires destructive matter-antimatter blasts. It uses a powerful missile battery for long-distance attacks. The Quadraxis is incredibly durable and well-armored, but its leg and foot joints are vulnerable. Damaging these joints will eventually render it immobile.",Yes,Entry can no longer be added to the Logbook after its main body is disabled,Quadraxis mp2 Logbook.png,Dark Aether,Guardians,Quadraxis
Damaged Quadraxis,Ing Hive - Hive Temple,"Though the main body is disabled, the tactical control unit within it is still active. It will guide the Head Module in battle via high-sonic transmissions. Disabling this module will impair the Head Module's ability to fight.",Yes,Damaged Quadraxis can be scanned for its Logbook entry up until the point that the Annihilator Beam is acquired,Damaged Quadraxis.png,Dark Aether,Guardians,Quadraxis
Shielded Head Module,Ing Hive - Hive Temple,The Head Module of the Quadraxis is highly mobile and well armed. It is shielded by an impervious force field. Tactical commands are sent to the module from the crippled main body: sever this link to impair the Head Module's combat ability.,Yes,The entry can only be added to the Logbook when the shield over the head module is active,Shielded Head Module.png,Dark Aether,Guardians,Quadraxis
Stunned Head Module,Ing Hive - Hive Temple,Head Module is unable to receive tactical data. Force field offline. Unit is generating drones to defend itself while it attempts to restore tactical link to main body. Destroy sonic receptors on unit to prevent this.,Yes,The entry can no longer be added to the Logbook after its antennae are destroyed,Stunned Head Module mp2 Logbook.png,Dark Aether,Guardians,Quadraxis
Final Head Module,Ing Hive - Hive Temple,Module has lost its tactical link to the main body. Two points of structural weakness have been located on its hull: Morph Ball Bombs can cause damage to these areas. Scans indicate that the Spider Ball can attach to the Module's outer hull.,Yes,Can only be added to the Logbook once its antennae are destroyed,Final Head Module.png,Dark Aether,Guardians,Quadraxis
Dark Samus 1,Agon Wastes - Main Reactor,"Scans indicate the presence of Phazon and your genetic material within this entity. She wears a version of the Varia Suit, altered and augmented by the Phazon within her. Primary weapons include the Missile Launcher and a scattershot variant of the Power Beam. Boost and Jump abilities are superior to yours. The ability to generate Phazon energy shields is also present.",Yes,Can only scanned before she is defeated,Dark Samus mp2 Logbook.png,Dark Aether,Offworld,Dark Samus
Dark Samus 2,Sanctuary Fortress - Aerie Access,"Tactical scans have identified several new battle systems in the armor of Dark Samus. She now wields a potent variant of your Charge Beam. Her Boost attack has been augmented, and the ability to render herself invisible is present as well. Bioscans suggest that Dark Samus can reform her body short of total atomic disruption. Extreme caution recommended.",Yes,"Can be scanned in both Aerie Access and Aerie, can only be scanned before she is defeated",Dark Samus mp2 Logbook.png,Dark Aether,Offworld,Dark Samus
Dark Samus 3,Sky Temple Grounds - Sky Temple Gateway,"Scans indicate that Dark Samus has absorbed tremendous levels of Phazon into her body: too much, perhaps. She can vent Phazon energy in the form of destructive blasts and protective shields: doing so will help her maintain stability. Exposure to Phazon has rendered her invisible to the Dark Visor. These new abilities, combined with her already formidable arsenal, place Dark Samus at the highest threat level.",Yes,Can only be scanned before Dark Samus raises her Phazon-based shield for the first time.*,Dark Samus 3 mp2 Logbook.png,Dark Aether,Offworld,Dark Samus
Dark Samus 4,Sky Temple Grounds - Sky Temple Gateway,"Dark Samus has temporarily become a being of pure yet unstable Phazon energy. She can generate a shield that is invulnerable to all attacks, save one - blasts of Phazon energy itself. Use your Charge Beam to collect Phazon energy that she expels, then fire it back at her. Direct hits will overload and disrupt her essence.",Yes,Can only be scanned after Dark Samus raises her Phazon-based shield for the first time.*,Dark Samus 3 mp2 Logbook.png,Dark Aether,Offworld,Dark Samus
Tallon Metroid,Agon Wastes - Biostorage Station,"The Space Pirates harvest and enslave Metroids for use in their operations. The Tallon Metroid will latch onto prey with powerful pincers, then proceed to drain its life energy. This causes the creature to grow in size and mass. The creatures are vulnerable to the chilling effect of dark energy, and can be detached by entering Morph Ball mode and deploying a Bomb.",No,Can later be found in Bioenergy Production,Tallon Metroid mp2 Logbook 01.png,Dark Aether,Offworld,Metroids
Infant Tallon Metroid,Agon Wastes - Biostorage Station,"The Space Pirates use infant Tallon Metroids as a portable energy source. Small in size, they are easy to transport in large quantities. They are docile, efficient organic batteries...until they are exposed to Phazon. At that point, they grow rapidly and acquire their full array of powers.",No,None,Infant Tallon Metroid mp2 Logbook.png,Dark Aether,Offworld,Metroids
Pirate Aerotrooper,Agon Wastes - Bioenergy Production,"Pirate Aerotroopers are known for their cold precision and utter cruelty. Armed with both beam and missile systems, the Aerotroopers can be a difficult foe to engage, especially at range. Their jet packs can be overloaded with heat-based attacks, however. These units prefer death before dishonor: an injured Aerotrooper will make a suicide strike before allowing himself to be captured.",No,Can later be found in the Mining Station A and in the Watch Station,Pirate Aerotrooper mp2 Logbook 01.png,Dark Aether,Offworld,Pirates
Pirate Commando,Torvus Bog - Torvus Grove,"Dedicated to ""hunting the Hunter,"" Space Pirate Commando units have been equipped with the latest weapons, including a variable pulse cannon, e-grenade launcher, and energy scythe. Powerful thrusters carry them at high speed over any terrain. A portable barrier shield repels most attacks, but can only be deployed for limited periods.",Yes,Can later be scanned in the Sanctuary Entrance and a final time in the Phazon Grounds,Pirate Commando mp2 Logbook.png,Dark Aether,Offworld,Pirates
Pirate Grenadier,Agon Wastes - Command Center,"The Space Pirates have begun to use an experimental energy grenade launcher in the field. The weapon is viewed as a mixed blessing to the Grenadier units: while the grenade launchers are powerful weapons, Grenadiers must leave their rifles behind to carry them. Fast-moving targets can close range on Grenadiers, rendering their main weapons somewhat ineffective.",No,Can also be scanned in the first visit to the Path of Eyes,Pirate Grenadier mp2 Logbook.png,Dark Aether,Offworld,Pirates
Pirate Trooper,Agon Wastes - Mining Station A,"The Space Pirates suffered a serious defeat at Tallon IV, yet they remain a powerful force for crime and disorder in the galaxy. Their technology continues to advance: even the lowly trooper has received numerous upgrades to his arsenal. A photonic power scythe and quantum assault cannon are now standard-issue weapons for all troopers.",Yes,"Can later be scanned in the Central Mining Station, Command Center, the Portal Terminal, the Path of Eyes, and a final time in Torvus Temple",Pirate Trooper mp2 Logbook 01.png,Dark Aether,Offworld,Pirates
Preed,Torvus Bog - Hydrodynamo Station,"The cybernetic Preeds are aggressive hunters used as patrol animals by the Space Pirates. They carry lethal Nohadin gas for use as a defense mechanism. If a Preed is ruptured, the gas within it is violently released. This toxic cloud often proves fatal to the Preed's killer.",No,Only found in the Hydrodynamo Station of Torvus Bog,Preed mp2 Logbook.png,Dark Aether,Offworld,Pirates
